Department,Category,Subcategory,Product Type
Baby & Kids,Baby & Kids Décor,Baby & Kids Art,
Baby & Kids,Baby & Kids Décor,Baby & Kids Celebrations,
Baby & Kids,Baby & Kids Décor,Baby & Kids Lighting,
Baby & Kids,Baby & Kids Décor,Baby & Kids Rugs,
Baby & Kids,Baby & Kids Décor,Decorative Accents,
Baby & Kids,Baby & Kids Storage,Baby & Kids Bookcases,
Baby & Kids,Baby & Kids Storage,Toy Storage,
Baby & Kids,Baby & Kids Storage,Trundles & Slats,
Baby & Kids,Bedding,Baby Bedding,Bibs & Burp Cloths
Baby & Kids,Bedding,Kids Bedding,
Baby & Kids,Bedding,Swaddles,
Baby & Kids,Kids Furniture,Daybeds,
Baby & Kids,Kids Furniture,Bunk & Loft Beds,
Baby & Kids,Kids Furniture,Kids Bedroom Sets,
Baby & Kids,Kids Furniture,Kids Beds & Headboards,
Baby & Kids,Kids Furniture,Kids Desk Chairs,
Baby & Kids,Kids Furniture,Kids Desks,
Baby & Kids,Kids Furniture,Kids Dressers & Chests,Chests
Baby & Kids,Kids Furniture,Kids Dressers & Chests,Dressers
Baby & Kids,Kids Furniture,Kids Nightstands,
Baby & Kids,Kids Furniture,Kids Vanities,
Baby & Kids,Kids Playroom,Doll Houses,
Baby & Kids,Kids Playroom,Indoor Climbers & Slides,
Baby & Kids,Kids Playroom,Kids Seating,
Baby & Kids,Kids Playroom,Kids Step Stools,
Baby & Kids,Kids Playroom,Kids Tables & Chair Sets,
Baby & Kids,Kids Playroom,Little Cruisers,
Baby & Kids,Kids Playroom,Montessori Inspired,
Baby & Kids,Kids Playroom,Outdoor Toys,
Baby & Kids,Kids Playroom,Pretend Play,
Baby & Kids,Kids Playroom,Rockers,
Baby & Kids,Kids Playroom,Stuffed Animals,
Baby & Kids,Kids Playroom,"Tents, Playhouses & More",
Baby & Kids,Lunchtime Essentials,Air Purifier,
Baby & Kids,Lunchtime Essentials,Backpacks,
Baby & Kids,Lunchtime Essentials,Dehumidifier,
Baby & Kids,Lunchtime Essentials,Drinkware,
Baby & Kids,Lunchtime Essentials,Food Storage,
Baby & Kids,Lunchtime Essentials,Highchairs,
Baby & Kids,Lunchtime Essentials,Humidifier,
Baby & Kids,Lunchtime Essentials,Lunch Boxes,
Baby & Kids,Lunchtime Essentials,Plates & Utensils,
Baby & Kids,Nursery Furniture,Baby Seating,
Baby & Kids,Nursery Furniture,Changing Tables & Pads,Changing Pads
Baby & Kids,Nursery Furniture,Changing Tables & Pads,Changing Tables
Baby & Kids,Nursery Furniture,Conversion Kits,
Baby & Kids,Nursery Furniture,Cradles & Bassinets,Bassinets
Baby & Kids,Nursery Furniture,Cradles & Bassinets,Cradles
Baby & Kids,Nursery Furniture,Crib Mattresses,
Baby & Kids,Nursery Furniture,Cribs,
Baby & Kids,Nursery Furniture,Nursery Chairs,
Baby & Kids,Kids' Costumes,Child Costumes,
Baby & Kids,Kids' Costumes,Infant & Toddler Costumes,
Bedding & Bath,Bath Hardware,Bathroom Sink Faucet,
Bedding & Bath,Bath Hardware,Bathtub Faucets,
Bedding & Bath,Bath Hardware,Bathtub Shower Faucet,
Bedding & Bath,Bath Hardware,Shower Faucets,
Bedding & Bath,Bath Hardware,Shower Heads,
Bedding & Bath,Bath Linens,Bath Robes,
Bedding & Bath,Bath Linens,Bath Towels,
Bedding & Bath,Bath Linens,Bathroom Rugs & Mats,
Bedding & Bath,Bathroom Accessories,Bathroom Countertop Accessories,
Bedding & Bath,Bathroom Accessories,Bathroom Mirrors,
Bedding & Bath,Bathroom Accessories,Bathroom Storage & Organization,
Bedding & Bath,Bathroom Accessories,Hampers & Wastebaskets,
Bedding & Bath,Bathroom Accessories,Shower Curtains & Liners,
Bedding & Bath,Bathroom Accessories,Shower Rods & Hooks,
Bedding & Bath,Bathroom Furniture,Bathroom Benches,
Bedding & Bath,Bathroom Furniture,Bathroom Cabinets,
Bedding & Bath,Bathroom Furniture,Bathroom Shelves,
Bedding & Bath,Bathroom Furniture,Bed & Bath Vanities,
Bedding & Bath,Bed Linens,Bed In A Bag,
Bedding & Bath,Bed Linens,Blankets,
Bedding & Bath,Bed Linens,Comforters & Sets,
Bedding & Bath,Bed Linens,Decorative Bed Pillows,
Bedding & Bath,Bed Linens,Duvet Covers & Sets,
Bedding & Bath,Bed Linens,Pillow Shams & Euro Shams,
Bedding & Bath,Bed Linens,Quilts & Coverlets,
Bedding & Bath,Bed Linens,Sheets & Pillowcases,
Bedding & Bath,Bedding Essentials,Bed Pillows,
Bedding & Bath,Bedding Essentials,Duvet Inserts,
Bedding & Bath,Bedding Essentials,Mattress Protectors,
Bedding & Bath,Bedding Essentials,Mattress Toppers & Pads,
Bedding & Bath,Dorm Essentials,Dorm Bathroom,
Bedding & Bath,Dorm Essentials,Dorm Bedding,
Bedding & Bath,Dorm Essentials,Dorm Break,
Bedding & Bath,Dorm Essentials,Dorm Decor,
Bedding & Bath,Dorm Essentials,Dorm Furniture,
Bedding & Bath,Dorm Essentials,Dorm Storage & Organization,
Bedding & Bath,Dorm Essentials,Dorm Study,
Bedding & Bath,Dorm Essentials,Dorm Window Treatments,
Decor,Flowers & Plants,Faux Flowers,
Decor,Flowers & Plants,Faux Panels,
Decor,Flowers & Plants,Faux Plants 1,
Decor,Flowers & Plants,Faux Trees,
Decor,Flowers & Plants,Flower Arrangements,
Decor,Flowers & Plants,Fresh Flowers,
Decor,Flowers & Plants,Garlands & Swag,
Decor,Flowers & Plants,Live Plants,
Decor,Flowers & Plants,Planters,
Decor,Flowers & Plants,Wreaths,
Decor,Functional Decor,Baskets,
Decor,Functional Decor,Bookends,
Decor,Functional Decor,Boxes,
Decor,Functional Decor,Candles Holder,
Decor,Functional Decor,Chains,
Decor,Functional Decor,Clocks,
Decor,Functional Decor,Crystals,
Decor,Functional Decor,Decorative Books,
Decor,Functional Decor,Decorative Screens,
Decor,Functional Decor,Easels,
Decor,Functional Decor,Fragrances Diffusers,
Decor,Functional Decor,Globes,
Decor,Functional Decor,Hooks Pegs,
Decor,Functional Decor,Indoor Fountains,
Decor,Functional Decor,Indoor Games,
Decor,Functional Decor,Ladders,
Decor,Functional Decor,Magazine Holders,
Decor,Functional Decor,Mirrors,
Decor,Functional Decor,Pedestals,
Decor,Functional Decor,Picture Frame,
Decor,Functional Decor,Signs,
Decor,Functional Decor,Slipcovers,
Decor,Functional Decor,Spheres,
Decor,Functional Decor,Tissue Holders,
Decor,Functional Decor,Trays,
Decor,Functional Decor,Vases,
Decor,Lighting,,
Decor,Pets,Cat Tree Scratcher,
Decor,Pets,Farm Animals,
Decor,Pets,Fish Aquatic,
Decor,Pets,Pet Accessories,
Decor,Pets,Pet Houses,
Decor,Pets,Pet Toys,
Decor,Pets,Pet Travel,
Decor,Pets,Pets Beds,
Decor,Pets,Pets Outdoor Essentials,
Decor,Pets,Small Animals,
Decor,Pillows & Throws,Blankets & Throws,
Decor,Pillows & Throws,Throw Pillows,
Decor,Sculptures,Animal,
Decor,Sculptures,Busts,
Decor,Sculptures,Figurines,
Decor,Sculptures,Fruit,
Decor,Sculptures,Nature,
Decor,Sculptures,Shapes,
Decor,Sculptures,Statues,
Decor,Sculptures,Vehicles,
Decor,Seasonal,Christmas,
Decor,Seasonal,Easter,
Decor,Seasonal,Fourth of July,
Decor,Seasonal,Halloween,
Decor,Seasonal,Thanksgiving,
Decor,Seasonal,Valentine's Day,
Decor,Wall Art & Decor,Display Shelves,
Decor,Wall Art & Decor,One Of A Kind,
Decor,Wall Art & Decor,Oversized Art,
Decor,Wall Art & Decor,Painting,
Decor,Wall Art & Decor,Photography,
Decor,Wall Art & Decor,Prints,
Decor,Wall Art & Decor,Tapestries,
Decor,Wall Art & Decor,Wall Accents,
Decor,Wall Art & Decor,Wall Panel,
Decor,Wall Art & Decor,Wallpaper,
Furniture,Bedroom Furniture,Armoires & Wardrobes,
Furniture,Bedroom Furniture,Bedroom Benches,
Furniture,Bedroom Furniture,Bedroom Sets,
Furniture,Bedroom Furniture,Beds & Headboards,
Furniture,Bedroom Furniture,Dressers & Chests,
Furniture,Bedroom Furniture,Headboards,
Furniture,Bedroom Furniture,Murphy Beds,
Furniture,Bedroom Furniture,Nightstands,
Furniture,Bedroom Furniture,Trundles & Slats,
Furniture,Bedroom Furniture,Vanities,
Furniture,Dining Room Furniture,Baker's Racks,
Furniture,Dining Room Furniture,Bar & Pub Tables,
Furniture,Dining Room Furniture,Bar Cabinets & Carts,
Furniture,Dining Room Furniture,Bar Stools,
Furniture,Dining Room Furniture,Counter Table Sets,
Furniture,Dining Room Furniture,Dining Benches,
Furniture,Dining Room Furniture,Dining Chairs,
Furniture,Dining Room Furniture,Dining Sets,
Furniture,Dining Room Furniture,Dining Tables,
Furniture,Dining Room Furniture,Display & China Cabinets,
Furniture,Dining Room Furniture,Home Bar & Bar Cabinets,
Furniture,Dining Room Furniture,Kitchen Islands & Carts,
Furniture,Dining Room Furniture,Sideboards & Buffets,
Furniture,Dining Room Furniture,Small Dining Sets,
Furniture,Dining Room Furniture,Wine Racks,
Furniture,Entryway Furniture,Coat Racks,
Furniture,Entryway Furniture,Entryway Benches,
Furniture,Entryway Furniture,Entryway Storage,
Furniture,Entryway Furniture,Entryway Tables,
Furniture,Entryway Furniture,Hall Trees,
Furniture,Home Office Furniture,Bookcases,
Furniture,Home Office Furniture,Craft & Sewing Tables,
Furniture,Home Office Furniture,Desks,
Furniture,Home Office Furniture,File Cabinets,
Furniture,Home Office Furniture,Gaming,
Furniture,Home Office Furniture,Laptop Carts & Stands,
Furniture,Home Office Furniture,Office Accessories,
Furniture,Home Office Furniture,Office Chairs,
Furniture,Home Office Furniture,Office Sets,
Furniture,Living Room Furniture,Accent Chairs,
Furniture,Living Room Furniture,Cabinets & Chests,
Furniture,Living Room Furniture,Coffee Tables,
Furniture,Living Room Furniture,Console & Sofa Tables,
Furniture,Living Room Furniture,Daybeds,
Furniture,Living Room Furniture,End & Side Tables,
Furniture,Living Room Furniture,Fireplaces,
Furniture,Living Room Furniture,Futons,
Furniture,Living Room Furniture,Living Room Sets,
Furniture,Living Room Furniture,Loveseats,
Furniture,Living Room Furniture,Ottomans & Poufs,
Furniture,Living Room Furniture,Recliners,
Furniture,Living Room Furniture,Reclining Furniture,
Furniture,Living Room Furniture,Reclining Sectionals,
Furniture,Living Room Furniture,Reclining Sofas,
Furniture,Living Room Furniture,Sectionals,
Furniture,Living Room Furniture,Sleeper Sofas,
Furniture,Living Room Furniture,Sofas & Loveseats,Loveseats
Furniture,Living Room Furniture,Sofas & Loveseats,Sofas
Furniture,Living Room Furniture,Sofas,
Furniture,Living Room Furniture,TV Stands,
Home Improvement,Home Improvement Bathroom,Bathroom Hardware,
Home Improvement,Home Improvement Bathroom,Bathroom Plumbing,
Home Improvement,Home Improvement Bathroom,Bathroom Showers Bathtubs,
Home Improvement,Home Improvement Bathroom,Bathroom Sinks,
Home Improvement,Home Improvement Bathroom,Bathroom Toilets Bidets,
Home Improvement,Home Improvement Doors,Deadbolts,
Home Improvement,Home Improvement Doors,Doors Accessories,
Home Improvement,Home Improvement Doors,Interior Doorknobs,
Home Improvement,Home Improvement Doors,Locking Doorknobs,
Home Improvement,Home Improvement Entertainment,Entertainment Speakers,
Home Improvement,Home Improvement Flooring,Flooring Peel Stick,
Home Improvement,Home Improvement Hardware,,
Home Improvement,Home Improvement Home Gym,Home Gym Cardio,
Home Improvement,Home Improvement Home Gym,Home Gym Essentials,
Home Improvement,Home Improvement Home Gym,Home Gym Strength,
Home Improvement,Home Improvement Home Gym,Home Gym Wellness,
Home Improvement,Home Improvement Kitchen,Kitchen Cabinets Hardware,
Home Improvement,Home Improvement Kitchen,Kitchen Faucets,
Home Improvement,Home Improvement Kitchen,Kitchen Sinks,
Home Improvement,Home Improvement Outdoor,Outdoor Decorative Fencing,
Home Improvement,Home Improvement Outdoor,Outdoor Fence Hardware,
Home Improvement,Home Improvement Outdoor,Outdoor Privacy Screens,
Home Improvement,Home Improvement Outdoor,Outdoor Shutters,
Home Improvement,Window Treatments,Blinds & Shades,
Home Improvement,Window Treatments,Curtain Rods & Hardware,
Home Improvement,Window Treatments,Curtains & Drapes,
Home Improvement,Window Treatments,Valances & Kitchen Curtains,
Kitchen,Cookware & Bakeware,Bakeware Sets,
Kitchen,Cookware & Bakeware,Baking Dishes,
Kitchen,Cookware & Bakeware,Baking Sheets & Pans,
Kitchen,Cookware & Bakeware,Cookware Sets,
Kitchen,Cookware & Bakeware,Dutch Ovens & Braisers,
Kitchen,Cookware & Bakeware,Grill Pans & Griddles,
Kitchen,Cookware & Bakeware,Pots & Pans,
Kitchen,Cookware & Bakeware,Specialty Bakeware,
Kitchen,Cookware & Bakeware,Specialty Cookware,
Kitchen,Cookware & Bakeware,Tea Kettles,
Kitchen,Kitchen Electronics,Blenders & Juicers,
Kitchen,Kitchen Electronics,Coffee & Espresso Makers,
Kitchen,Kitchen Electronics,Deep Fryers & Air Fryers,
Kitchen,Kitchen Electronics,Food Processors,
Kitchen,Kitchen Electronics,Microwaves,
Kitchen,Kitchen Electronics,Mixers & Attachments,
Kitchen,Kitchen Electronics,Slow Cookers & Multi Cookers,
Kitchen,Kitchen Electronics,Specialty Electrics,
Kitchen,Kitchen Electronics,Toasters & Toaster Ovens,
Kitchen,Kitchen Electronics,Wine Fridges,
Kitchen,Kitchen Furniture,Bakers Racks,
Kitchen,Kitchen Furniture,Food Pantries,
Kitchen,Kitchen Furniture,Islands & Carts,
Kitchen,Kitchen Furniture,Wine Racks,
Kitchen,Kitchen Tools,Food Prep,
Kitchen,Kitchen Tools,Kitchen Tools Storage & Organization,
Kitchen,Kitchen Tools,Knives & Cutting Boards,
Kitchen,Kitchen Tools,Tools & Utensils,
Kitchen,Tabletop & Bar,Cocktail & Bar,
Kitchen,Tabletop & Bar,Dining Accessories,
Kitchen,Tabletop & Bar,Dinnerware,
Kitchen,Tabletop & Bar,Drinkware,
Kitchen,Tabletop & Bar,Flatware & Cutlery,
Kitchen,Tabletop & Bar,Party Sets,
Kitchen,Tabletop & Bar,Serveware,
Kitchen,Tabletop & Bar,Serving Tools,
Kitchen,Tabletop & Bar,Steak Knives,
Kitchen,Tabletop & Bar,Table Linens,
Lighting,Ceiling Fans,Ceiling Fan Shades,
Lighting,Ceiling Fans,Indoor Fans,
Lighting,Ceiling Fans,Outdoor Fans,
Lighting,Ceiling Lights,Chandeliers,
Lighting,Ceiling Lights,Flush Mount Lighting,
Lighting,Ceiling Lights,Pendants,
Lighting,Novelty,Light Signs,
Lighting,Novelty,Lighted Figurines,
Lighting,Outdoor Lights,Deck Lighting,
Lighting,Outdoor Lights,Decorative Lights,
Lighting,Outdoor Lights,Lanterns Lamps,
Lighting,Outdoor Lights,Outdoor Ceiling Lights,
Lighting,Outdoor Lights,String Lights,
Lighting,Outdoor Lights,Wall Lighting,
Lighting,Table Floor Lamps,Baby Kid Lamps,
Lighting,Table Floor Lamps,Desk Lamps,
Lighting,Table Floor Lamps,Floor Lamps,
Lighting,Table Floor Lamps,Lamp Sets,
Lighting,Table Floor Lamps,Lamp Shades,
Lighting,Table Floor Lamps,Table Lamps,
Lighting,Wall Lights,Night Lights,
Lighting,Wall Lights,Picture Lights,
Lighting,Wall Lights,Sconces,
Lighting,Wall Lights,Swing Arm Wall Sconces,
Lighting,Wall Lights,Vanity Lights,
Mattress,Comfort Level,Extra Firm,
Mattress,Comfort Level,Firm,
Mattress,Comfort Level,Medium,
Mattress,Comfort Level,Soft,
Mattress,Mattress Accessories,Adjustable Bases,
Mattress,Mattress Accessories,Bed Frames,
Mattress,Mattress Accessories,Bed Pillows,
Mattress,Mattress Accessories,Boxsprings & Foundations,
Mattress,Mattress Accessories,Mattress Protectors,
Mattress,Mattress Accessories,Mattress Toppers & Pads,
Mattress,Mattress Accessories,Sheets & Pillowcases,
Mattress,Mattress Size,California King,
Mattress,Mattress Size,Crib & Toddler,
Mattress,Mattress Size,Full,
Mattress,Mattress Size,King,
Mattress,Mattress Size,Queen,
Mattress,Mattress Size,Split-Head King,
Mattress,Mattress Size,Twin XL,
Mattress,Mattress Size,Twin,
Mattress,Mattress Type,Gel Mattresses,
Mattress,Mattress Type,Hybrid Mattresses,
Mattress,Mattress Type,Memory Foam Mattresses,
Mattress,Mattress Type,Traditional Mattresses,
Organization,Baby Kids Organization,Bottle Baby Food,
Organization,Baby Kids Organization,Boxes Benches,
Organization,Baby Kids Organization,Kids Closet Organizer,
Organization,Baby Kids Organization,Toys Organizers,
Organization,Bathroom Organization,Bathroom Cabinet,
Organization,Bathroom Organization,Bathroom Countertop,
Organization,Bathroom Organization,Bins Baskets,
Organization,Bathroom Organization,Caddies Totes,
Organization,Bathroom Organization,Makeup Organizers,
Organization,Bathroom Organization,Organization Carts,
Organization,Bathroom Organization,Shelf Organization,
Organization,Bathroom Organization,Step Stools,
Organization,Bathroom Organization,Toilet Paper Holders,
Organization,Closet Organization,Closet Drawer,
Organization,Closet Organization,Closet Shelf,
Organization,Closet Organization,Closet Systems,
Organization,Closet Organization,Fabric Bins,
Organization,Closet Organization,Hanging Organization,
Organization,Closet Organization,Jewelry Organization,
Organization,Closet Organization,Shoe Storage,
Organization,Closet Organization,Underbed Storage,
Organization,Garage Organization,Shelving Storage Racks,
Organization,Garage Organization,Tool Storage,
Organization,Garage Organization,Work Benches,
Organization,Kitchen Organization,Bar Beverage,
Organization,Kitchen Organization,Cabinet Organization,
Organization,Kitchen Organization,Countertop Organization,
Organization,Kitchen Organization,Dish Drying Rack,
Organization,Kitchen Organization,Drawer Organization,
Organization,Kitchen Organization,Food Storage,
Organization,Kitchen Organization,Kitchen Trashcans,
Organization,Kitchen Organization,Pantry Organization,
Organization,Kitchen Organization,Refrigerator Freezer,
Organization,Kitchen Organization,Sink Organization,
Organization,Laundry Cleaning,Drying Racks,
Organization,Laundry Cleaning,Holders Dispensers,
Organization,Laundry Cleaning,Laundry Storage,
Organization,Office Organization,Desktop Organization,
Organization,Office Organization,Office Hanging Organization,
Organization,Outdoor Organization,Patio Storage,
Organization,Outdoor Organization,Sheds,
Organization,Specialty Organization,Craft Organizers,
Organization,Specialty Organization,Holiday Organization,
Organization,Specialty Organization,Pet Storage,
Organization,Specialty Organization,Travel Organization,
Outdoor,Outdoor Accessories,Bird Houses & Accessories,
Outdoor,Outdoor Accessories,Hammocks,
Outdoor,Outdoor Accessories,Outdoor Coolers,
Outdoor,Outdoor Accessories,Outdoor Decor,
Outdoor,Outdoor Accessories,Outdoor Furniture Covers,
Outdoor,Outdoor Accessories,Outdoor Games,
Outdoor,Outdoor Accessories,Outdoor Grills & Accessories,
Outdoor,Outdoor Accessories,Outdoor Lighting,
Outdoor,Outdoor Accessories,Outdoor Pillows,
Outdoor,Outdoor Accessories,Outdoor Rugs,
Outdoor,Outdoor Accessories,Outdoor Seat Cushions,
Outdoor,Outdoor Accessories,Outdoor Storage,
Outdoor,Outdoor Accessories,Outdoor Tableware,
Outdoor,Outdoor Accessories,Outdoor Umbrellas & Stands,
Outdoor,Outdoor Bar,Outdoor Bar Stools,
Outdoor,Outdoor Bar,Outdoor Bar Tables,
Outdoor,Outdoor Bar,Outdoor Bars & Carts,
Outdoor,Outdoor Dining,Outdoor Dining Chairs,
Outdoor,Outdoor Dining,Outdoor Dining Tables,
Outdoor,Outdoor Gardening,Garden Arbors Trellises,
Outdoor,Outdoor Gardening,Garden Beds,
Outdoor,Outdoor Gardening,Garden Carts,
Outdoor,Outdoor Gardening,Garden Houses Sheds,
Outdoor,Outdoor Gardening,Gardening Tools Accessories,
Outdoor,Outdoor Gardening,Planters Stands,
Outdoor,Outdoor Gardening,Potting Tables,
Outdoor,Outdoor Heating,Firepit Covers Screens,
Outdoor,Outdoor Heating,Outdoor Fire Pits,
Outdoor,Outdoor Heating,Outdoor Firewood Holder,
Outdoor,Outdoor Heating,Outdoor Heaters,
Outdoor,Outdoor Seating,Outdoor Benches,
Outdoor,Outdoor Seating,Outdoor Chairs,Outdoor Lounge Chairs
Outdoor,Outdoor Seating,Outdoor Loveseats,
Outdoor,Outdoor Seating,Outdoor Ottomans & Poufs,
Outdoor,Outdoor Seating,Outdoor Porch Swings,
Outdoor,Outdoor Seating,Outdoor Sectionals,
Outdoor,Outdoor Seating,Outdoor Sofas,
Outdoor,Outdoor Sets,Outdoor Bar Sets,
Outdoor,Outdoor Sets,Outdoor Bistro Sets,
Outdoor,Outdoor Sets,Outdoor Dining Sets,
Outdoor,Outdoor Sets,Outdoor Seating Sets,
Outdoor,Outdoor Tables,Outdoor Coffee Tables,
Outdoor,Outdoor Tables,Outdoor End & Side Tables,
Outdoor,Outdoor Tables,Outdoor Fire Pit Tables,
Rugs,Roomvo,,
Rugs,Rug Collections,Rugs Amber Lewis,
Rugs,Rug Collections,Rugs Angela Rose,
Rugs,Rug Collections,Rugs Chris Loves Julia,
Rugs,Rug Collections,Rugs Joanna Gaines,
Rugs,Rug Collections,Rugs Scott Living,
Rugs,Rug Color,Black & Gray Rugs,
Rugs,Rug Color,Blue Rugs,
Rugs,Rug Color,Green Rugs,
Rugs,Rug Color,Ivory & White Rugs,
Rugs,Rug Color,Multicolor Rugs,
Rugs,Rug Color,Orange Rugs,
Rugs,Rug Color,Pink Purple Rugs,
Rugs,Rug Color,Red Rugs,
Rugs,Rug Color,Tan & Brown Rugs,
Rugs,Rug Color,Yellow & Gold Rugs,
Rugs,Rug Room,Baby & Kids Rug,
Rugs,Rug Room,Bath & Kitchen Rugs,
Rugs,Rug Room,Dining Rugs,
Rugs,Rug Room,Hallway Rug,
Rugs,Rug Room,Living Room Rugs,
Rugs,Rug Room,Office Rugs,
Rugs,Rug Room,Patio Rugs,
Rugs,Rug Room,Rugs Bedroom,
Rugs,Rug Room,Utility Rugs,
Rugs,Rug Shape,Round Rugs,
Rugs,Rug Shape,Runner Rugs,
Rugs,Rug Size,10x14,
Rugs,Rug Size,3x5,
Rugs,Rug Size,4x6,
Rugs,Rug Size,5x8,
Rugs,Rug Size,6x9,
Rugs,Rug Size,7x9,
Rugs,Rug Size,8x10,
Rugs,Rug Size,9x12,
Rugs,Rug Size,Oversized Rugs,
Rugs,Rug Size,Round Rugs 1,
Rugs,Rug Size,Runner Rug,
Rugs,Rug Size,Square Rugs 1,
Rugs,Rug Style,Earthy Tone Rugs,
Rugs,Rug Style,Geometric Rugs,
Rugs,Rug Style,Indoor Outdoor Rugs,
Rugs,Rug Style,Modern Rugs,
Rugs,Rug Style,Natural Rugs,
Rugs,Rug Style,Organic Shape Rugs,
Rugs,Rug Style,Solid Rugs,
Rugs,Rug Style,Traditional Rugs,
Rugs,Rug Style,Transitional Rugs,
Rugs,Rug Style,Tufted Rugs,
Seasonal,Christmas,Christmas Decor,
Seasonal,Christmas,Christmas Trees,
Seasonal,Christmas,Holiday Lights,
Seasonal,Christmas,Ornaments,
Seasonal,Christmas,Wreaths & Garlands,
Seasonal,Easter,Easter Decor,
Seasonal,Fourth of July,Fourth of July Decor,
Seasonal,Halloween,Adult Costumes,
Seasonal,Halloween,Costume Accessories,
Seasonal,Halloween,Halloween Decor,
Seasonal,Halloween,Teen Costumes,
Seasonal,Halloween,Wigs & Masks,
Seasonal,Thanksgiving,Thanksgiving Decor,
Seasonal,Valentine's Day,Valentines Decor,
